Strategy,Head Success,Tail Success,Overall Success,CVaR@20
uniform,0.9494439738297826,0.5290712192839114,0.8064258675823004,0.5038381361493556
empirical,0.9500426652058722,0.175698892766016,0.6699060250576309,0.12075005946528941
invfreq,0.9302393987073898,0.6021110809128899,0.76796634053865,0.5635628857877971
pt-rank,0.9488988418279772,0.5655197844887608,0.8177852881767758,0.5477304449598266
