Generator,Wasserstein_1
Uniform,0.1772819230480852
Gaussian,0.028920025884312757
Linear Scaling,0.2106120569315756
PT-OT,0.0019534912384211556
