Gate Error Rate,TV Distance (epsilon),Utility Degradation
0.01,0.005911231339545143,0.005911231339545143
0.05,0.02685101693217115,0.02685101693217115
0.1,0.05693753829391229,0.05693753829391229
0.2,0.11339539115305561,0.11339539115305561
